id;tilte;des;image;image_content_type;dob;cv;cv_content_type
1;Table Fish;Dynamic programming;../fake-data/blob/hipster.png;image/png;2021-08-21T01:23:06;../fake-data/blob/hipster.png;image/png
2;real-time;Principal compress state;../fake-data/blob/hipster.png;image/png;2021-08-20T10:39:23;../fake-data/blob/hipster.png;image/png
3;intuitive Center Georgia;Wyoming calculating;../fake-data/blob/hipster.png;image/png;2021-08-20T18:07:09;../fake-data/blob/hipster.png;image/png
4;toolset interfaces;Industrial Cotton Paradigm;../fake-data/blob/hipster.png;image/png;2021-08-20T06:47:27;../fake-data/blob/hipster.png;image/png
5;secondary Toys;Alaska Soft FTP;../fake-data/blob/hipster.png;image/png;2021-08-20T14:13:17;../fake-data/blob/hipster.png;image/png
6;violet deposit;lime;../fake-data/blob/hipster.png;image/png;2021-08-20T08:12:01;../fake-data/blob/hipster.png;image/png
7;cross-platform;optical blockchains orchestrate;../fake-data/blob/hipster.png;image/png;2021-08-20T10:30:17;../fake-data/blob/hipster.png;image/png
8;withdrawal Australian;Shoes navigating Ergonomic;../fake-data/blob/hipster.png;image/png;2021-08-20T16:25:45;../fake-data/blob/hipster.png;image/png
9;Coordinator Health Tools;Computer e-business indigo;../fake-data/blob/hipster.png;image/png;2021-08-20T14:45:14;../fake-data/blob/hipster.png;image/png
10;monitor SQL Product;Home Industrial back-end;../fake-data/blob/hipster.png;image/png;2021-08-20T21:18:48;../fake-data/blob/hipster.png;image/png
